customer_id,purchase_id,value,expenses,profit,bought_by,payment_method,purchase_date
1081,P100000,$1239.56,475.65,763.91,Buy Local,Cash,31/02/2025
1027,P100001,2815.0,error,761.1399999999999,Desktop,Credit Card,17/09/2024
1089,P100002,$1092.26,,264.22,Cellphone,PIX,2024/07/12
1068,P100003,412.42,196.27,216.15,Computer,credit card,99/99/9999
1098,P100001,unknown,2289.26,random,Store,PIX,2025-01-22
1077,P100005,"1239,16",715.44,523.72,Computer,Pix,2024-12-30
1029,P100006,2017.8,685.47,1332.33,Computer,Money,2024/12/13
1018,P100007,2815.61,1288.55,1527.0600000000002,Computer,CREDIT,2024-10-09
1096,P100008,error,"R$2437,91",706.77,Phone,cash,01-16-2026
1001,P100009,4426.25,-3322.02,1104.23,Pc,Money,
1064,P100010,549.93,371.3,random,BUY LOCAL,cash,11-30-2025
1041,P100011,1827.64,"1628,78",198.86000000000013,Buy Local,credit card,2026/01/19
1008,P100012,646.29,$449.72,196.56999999999994,Buy Local,Cash,05-16-2026
1096,P100013,1572.35,error,161.80999999999995,pc,Debit,Aug 20 2025
1002,P100014,1116.68,"382,57",734.1100000000001,Cellphone,credit card,Aug 29 2024
1085,P100015,3622.3,"3004,44",617.8600000000001,cellphone,Debit,2025/09/24
1045,P100016,3650.8,"R$2570,23",1080.5700000000002,Cellphone,credit card,16/05/2025
1068,P100017,1407.15,unknown,774.1000000000001,BUY LOCAL,credit card,31/02/2025
1011,P100018,"848,23",error,-112,cellphone,PIX,2024/07/16
1036,P100019,4977.2,$3152.86,1824.3399999999997,PC,cash,Sep 03 2024
1007,P100020,"R$4598,55",2845.01,1753.54,pc,credit card,09/12/2024
1051,P100021,1246.15,error,427.7900000000001,BUY LOCAL,Pix,20/12/2024
1085,P100022,"1991,01",-1399.71,591.3,pc,Credit Card,07-20-2025
1012,P100023,1340.7,1152.94,187.76,Pc,Money,Oct 03 2025
1078,P100024,2654.12,1859.79,random,Desktop,credit card,07-13-2024
1019,P100025,3593.71,"1517,11",2076.6000000000004,PC,credit card,Sep 01 2025
1005,,"3860,17",2633.67,1226.5,cellphone,cash,31/02/2025
1088,P100027,$4176.28,$2712.52,1463.7599999999998,PC,Pix,31/12/2025
1085,P100028,4422.99,$2405.34,2017.6499999999996,Pc,CREDIT,2025-11-09
1022,P100029,4655.46,3637.5,1017.96,pc,Cash,2025/12/19
1028,P100030,1761.3,"1395,52",365.78,cellphone,Pix,2025-08-20
1098,P100031,2010.4,1786.62,999,Pc,PIX,2035-01-01
1044,P100032,,1844.18,1194.74,cellphone,Credit Card,12-11-2024
1087,P100033,"R$3359,73",1742.13,1617.6,Cellphone,credit card,Jun 06 2025
1064,P100034,$2023.95,error,1057.73,Store,CREDIT,Sep 23 2025
1051,P100019,1066.71,-822.92,243.79000000000008,Store,Debit,25/01/2025
1084,P100036,3172.05,1589.56,1582.4900000000002,Computer,Debit,2026-03-13
1031,P100037,3847.08,2205.34,1641.7399999999998,cellphone,Money,29/04/2026
1083,P100038,4304.99,"3578,65",726.3399999999997,BUY LOCAL,Money,99/99/9999
1015,P100039,3344.54,2985.79,358.75,Buy Local,cash,02-02-2026
1057,P100040,"2383,88",1085.89,1297.99,BUY LOCAL,Money,Mar 10 2026
1056,P100041,1373.14,$675.35,697.7900000000001,Pc,Debit,2024/10/25
1042,P100042,1050.04,579.71,470.3299999999999,Buy Local,Cash,Dec 17 2025
1038,P100043,4768.08,2629.18,2138.9,Computer,Money,2025/05/17
1062,,error,$1198.43,495.5,Pc,cash,2035-01-01
1075,P100029,"R$695,78",,294.29999999999995,Cellphone,Pix,2025/01/24
1035,P100046,"R$1276,31",445.62,830.6899999999999,Cellphone,Debit,2024-10-21
1096,P100047,"4199,36",999999,random,Phone,PIX,07/12/2024
1077,P100048,590.37,$467.33,,cellphone,Debit,06/02/2026
1013,P100049,3427.61,2684.9,,Store,Pix,Mar 11 2025
1001,P100050,545.58,478.19,67.39000000000004,cellphone,CREDIT,Sep 10 2024
1078,P100051,2427.82,"1362,84",1064.9800000000002,pc,PIX,03/09/2024
1096,P100052,1907.37,$605.06,1302.31,Desktop,Pix,04-14-2025
1089,P100053,"2592,8",error,1517.7400000000002,Computer,Money,2024/09/06
1057,P100054,-1123.55,803.42,320.13,BUY LOCAL,Pix,03-28-2025
1042,P100055,1546.98,-678.08,868.9,Pc,Debit,2026/04/12
1035,P100056,$2632.69,$1236.84,1395.8500000000001,Pc,PIX,99/99/9999
1035,P100019,3493.14,1312.61,2180.5299999999997,Buy Local,PIX,2025/10/04
1043,P100032,588.15,199.5,388.65,Pc,CREDIT,Jan 14 2025
1010,P100059,3826.93,"2540,28",1286.6499999999996,Phone,Money,03-11-2026
1054,P100060,3055.96,"2273,8",782.1599999999999,Store,credit card,26/07/2024
1070,P100030,"R$3453,07","2009,51",1443.5600000000002,Phone,credit card,Jan 10 2026
1100,P100062,$4023.45,"1684,58",random,pc,Credit Card,Jun 14 2025
1076,P100063,1457.28,545.91,911.37,BUY LOCAL,cash,2025-08-13
1076,P100064,"R$1625,16",731.68,893.4800000000001,Buy Local,Credit Card,Sep 27 2024
1073,P100065,2363.09,$1632.67,730.4200000000001,Store,Money,2026/06/09
1044,P100066,error,214.47,326.43999999999994,cellphone,cash,31/02/2025
1040,P100067,3867.29,"R$3167,1",700.19,Phone,Cash,
1079,P100068,3804.75,1606.12,2198.63,Phone,credit card,99/99/9999
1090,P100069,2770.21,985.99,1784.22,pc,CREDIT,Feb 05 2025
1065,P100070,unknown,$1413.33,random,pc,PIX,2026/03/29
1043,P100071,"4106,34",1928.76,2177.58,Phone,CREDIT,2025/10/24
1044,P100072,1898.51,1632.17,266.3399999999999,cellphone,Debit,2025/10/16
1005,P100073,4568.88,2415.74,2153.1400000000003,Pc,Money,11/05/2026
1064,P100074,"R$519,82",419.51,,Store,CREDIT,Apr 23 2026
1043,P100075,419.97,208.78,211.19000000000003,Store,Money,2025-03-30
1079,P100076,4606.23,error,148,Phone,CREDIT,2025-09-14
1005,P100050,1886.71,730.8,1155.91,Pc,CREDIT,2024/11/19
1079,P100078,2924.12,unknown,1639.52,Phone,PIX,22/12/2025
1009,P100079,error,"2013,26",932.8500000000001,Computer,Cash,2024-08-16
1030,P100080,"R$1493,44",1074.63,418.80999999999995,PC,Credit Card,2024/07/28
1036,P100081,$4013.62,"1731,49",2282.13,Store,CREDIT,2025-11-18
1039,P100051,"3667,15",1298.46,999,BUY LOCAL,cash,17/12/2024
1032,P100083,4837.57,2307.93,2529.64,pc,CREDIT,13/02/2026
1086,P100084,,3786.17,49,Phone,Pix,Feb 02 2025
1074,P100085,999999,1318.12,551.8200000000002,Cellphone,Debit,2024/08/23
1089,P100086,-716.09,621.39,random,cellphone,Money,04-18-2026
1053,P100087,4429.36,3069.34,1360.0199999999995,Desktop,Credit Card,20/12/2024
1056,P100088,,1622.66,203.51999999999998,PC,Cash,2026-04-27
1058,P100089,"R$3204,67",-2828.62,376.0500000000002,Buy Local,Debit,09-09-2024
1026,P100090,1180.33,902.51,277.81999999999994,Pc,CREDIT,14/04/2025
1014,P100001,1804.05,"R$1394,64",409.40999999999985,Pc,Cash,2025-01-24
1060,P100092,"2976,46",1700.16,1276.3,Store,cash,2025-06-10
1007,P100093,2142.84,unknown,1361.1800000000003,Cellphone,CREDIT,Oct 29 2025
1079,P100094,1639.42,unknown,169.23000000000002,pc,credit card,04-01-2026
1092,P100095,4442.69,,2006.8199999999997,Cellphone,Cash,Apr 02 2025
1047,P100096,"R$2381,85",error,1536.92,Cellphone,CREDIT,10-27-2024
1071,P100097,2065.83,error,363.25,PC,PIX,Apr 06 2025
1013,P100098,$3290.55,1429.9,1860.65,Desktop,Debit,03-25-2025
1098,P100099,3220.64,1016.92,2203.72,Pc,PIX,Dec 02 2024
1043,P100100,"R$733,39",509.27,224.12,pc,cash,2025/11/25
1058,P100101,3613.55,"R$2768,35",-339,Store,credit card,2025/01/16
1062,P100102,-1093.53,$664.22,429.30999999999995,Buy Local,Money,Dec 20 2025
1005,P100103,292.81,123.76,169.05,Desktop,Pix,2026/06/20
1095,P100104,2672.26,1170.63,1501.63,cellphone,Credit Card,2025/12/05
1009,P100105,error,$2086.77,random,Buy Local,Money,Nov 08 2025
1011,P100106,"R$2189,67",1183.01,1006.6600000000001,Computer,Pix,2024-08-17
1065,P100107,-985.64,754.74,230.89999999999998,Pc,Debit,Oct 09 2025
1025,P100108,3800.58,1312.01,2488.5699999999997,Buy Local,Money,10-29-2025
1082,P100109,$4323.95,"R$2924,42",1399.5299999999997,Desktop,PIX,Nov 02 2024
1064,P100110,"207,28",108.04,99.24,pc,cash,08-11-2025
1070,P100111,224.29,$189.62,34.66999999999999,BUY LOCAL,CREDIT,2026/01/10
1013,P100112,4912.28,"R$1722,23",3190.0499999999997,Phone,cash,30/12/2024
1046,P100113,2055.67,1034.04,1021.6300000000001,pc,Pix,2024/10/27
1036,P100114,$4822.76,"R$3190,84",1631.92,Cellphone,PIX,2025/06/17
1016,P100115,1561.72,821.48,740.24,Store,cash,2025/04/13
1065,P100116,917.71,393.25,524.46,Pc,CREDIT,2025-01-18
1064,P100117,-4420.74,1426.35,random,Pc,CREDIT,06-11-2026
1021,P100051,unknown,"1499,38",1888.9099999999999,Phone,Debit,Nov 02 2025
1100,P100119,1851.85,999999,243.92999999999984,cellphone,cash,09/12/2025
1025,P100120,1265.02,866.17,366,Desktop,credit card,Aug 29 2025
1057,P100121,"2198,61",unknown,290.5500000000002,PC,Cash,
1030,P100122,"R$1138,2",559.1,579.1,Pc,CREDIT,2035-01-01
1089,P100123,2356.17,"R$1576,77",779.4000000000001,Pc,cash,03-01-2025
1067,P100124,"1203,45",449.02,754.4300000000001,pc,credit card,2026/04/08
1076,P100125,"2883,74","R$2108,38",775.3599999999997,Buy Local,Cash,2026-02-09
1067,P100075,2729.53,"R$2106,78",622.75,PC,Cash,Feb 15 2026
1095,,3946.83,2000.58,1946.25,Cellphone,CREDIT,
1082,P100128,2333.82,1673.89,,PC,PIX,17/12/2024
1005,P100129,999999,"R$1580,98",422.18000000000006,Desktop,Pix,2026-03-23
1083,P100130,1852.74,1544.61,308.1300000000001,Pc,Money,Jul 17 2024
1066,P100131,2134.01,$1191.55,942.4600000000003,pc,credit card,Mar 10 2026
1039,P100132,unknown,481.33,368.56,Buy Local,Cash,2025-02-23
1009,P100133,$2575.17,"R$1931,22",643.95,Store,Money,31/02/2025
1030,P100134,1926.61,1233.7,692.9099999999999,Cellphone,Money,01-16-2025
1017,P100135,$3254.81,1463.91,1790.8999999999999,cellphone,cash,Aug 13 2024
1090,P100136,1442.17,$1225.68,216.49,Phone,CREDIT,2024/12/03
1011,P100137,4933.14,3456.67,1476.4700000000003,Desktop,CREDIT,02/06/2026
1046,P100138,1020.88,"R$391,33",629.55,Cellphone,Money,09-06-2025
1016,P100139,1560.27,1403.86,156.41000000000008,Buy Local,credit card,May 04 2026
1082,P100140,2596.45,978.86,1617.5899999999997,Pc,Cash,2026-01-01
1015,P100141,"826,6",711.57,115.02999999999997,Desktop,credit card,02-22-2025
1035,P100142,$2676.72,1610.16,999,Buy Local,Credit Card,2024-12-05
1010,P100143,2892.32,error,894.6600000000001,Phone,cash,Nov 14 2025
1061,P100144,2042.34,$1168.48,873.8599999999999,Phone,Debit,15/07/2025
1040,P100145,,2505.86,2434.4999999999995,pc,Pix,2025-04-26
1034,P100146,272.01,error,36.109999999999985,Pc,Pix,May 11 2026
1024,P100147,-2583.33,"R$1548,08",1035.25,BUY LOCAL,Money,03/06/2026
1074,P100140,2995.64,"2413,62",,Pc,PIX,2025/11/04
1046,P100054,,unknown,961.6799999999998,Buy Local,credit card,2025-06-14
1050,P100150,$2798.0,1453.18,1344.82,PC,Credit Card,
1060,P100151,4467.8,-1715.05,2752.75,Buy Local,PIX,01-14-2025
1065,P100152,,1194.41,318.54999999999995,Buy Local,PIX,2024-10-09
1076,P100153,3918.86,3000.66,918.2000000000003,Pc,cash,12-31-2024
1099,P100154,3410.02,$1087.6,,Pc,Cash,2026/01/22
1064,P100155,"R$4366,63",$3237.87,1128.7600000000002,Cellphone,Money,Sep 02 2025
1022,P100156,2740.44,1933.44,807.0,Desktop,Money,15/08/2025
1035,P100157,"4865,09","2328,28",2536.81,Cellphone,Money,Jan 13 2025
1036,P100158,1910.88,1697.05,213.83000000000015,Desktop,Credit Card,2026-01-24
1044,P100159,3741.75,"1602,94",2138.81,Desktop,CREDIT,09-20-2025
1030,P100160,"R$2664,59",error,845.3000000000002,pc,CREDIT,99/99/9999
1052,P100161,2388.98,"1649,17",739.81,PC,credit card,21/05/2026
1068,P100162,error,175.48,30.27000000000001,PC,Cash,19/09/2025
1095,P100163,4386.18,$1340.24,3045.9400000000005,Desktop,Money,04-29-2025
1067,P100164,$4258.28,$2473.26,999,Pc,Credit Card,Mar 31 2025
1072,P100165,error,error,970.1100000000001,cellphone,credit card,10/12/2024
1061,P100166,1318.71,581.96,736.75,Buy Local,Credit Card,Oct 08 2024
1088,P100167,2337.67,925.32,1412.35,Desktop,credit card,Jul 23 2025
1047,P100168,685.17,268.53,416.64,BUY LOCAL,Money,11/07/2025
1097,P100169,unknown,1525.04,77,PC,cash,01/09/2024
1073,P100170,4275.34,2416.01,1859.33,BUY LOCAL,Money,2026/01/31
1016,P100171,307.53,177.58,129.94999999999996,PC,Debit,2024-07-29
1054,P100016,4674.22,"R$1595,83",3078.3900000000003,Pc,Cash,2026/04/22
1057,P100173,1890.71,1341.72,548.99,Cellphone,credit card,09-16-2024
1050,P100174,"R$1129,0","341,05",787.95,BUY LOCAL,Cash,19/10/2024
1031,P100175,958.63,"R$790,99",167.64,Buy Local,Credit Card,2025-10-23
1012,P100176,"3366,68","R$2771,88",594.7999999999997,BUY LOCAL,Debit,2024-10-25
1017,P100177,-4082.62,3016.69,1065.9299999999998,Cellphone,Debit,28/02/2026
1084,P100178,1390.27,881.47,,BUY LOCAL,Money,
1082,P100179,$1607.3,,723.6099999999999,Phone,Debit,May 16 2025
1090,P100180,error,168.1,138.87000000000003,Desktop,Debit,2025-09-29
1057,P100181,"3628,43",1503.22,2125.21,pc,Debit,08-11-2024
1092,P100182,-1060.27,895.1,165.16999999999996,Computer,credit card,2025/04/17
1031,P100183,-1995.23,"885,08",1110.15,Store,Pix,Apr 15 2025
1065,P100184,4018.03,-2947.02,1071.0100000000002,Cellphone,Cash,99/99/9999
1094,P100185,error,$3027.06,1648.0400000000004,cellphone,Debit,Jun 21 2025
1032,P100186,999999,2694.87,928.4500000000003,Pc,cash,08-07-2025
1082,P100187,4198.56,"R$1446,82",random,pc,CREDIT,2035-01-01
1047,P100188,4670.84,"R$3959,24",711.6000000000004,cellphone,Credit Card,
1068,P100122,$4034.72,"R$3412,82",999,Cellphone,PIX,2026-04-22
1047,P100190,"1231,18",884.41,378,pc,Cash,07-01-2024
1060,P100048,431.78,-348.53,83.25,pc,cash,03/12/2025
1027,P100192,2842.59,1315.14,1527.45,BUY LOCAL,Credit Card,Jan 03 2026
1002,P100193,,"R$2740,41",,Store,cash,19/09/2024
1088,P100194,error,1618.61,3253.5200000000004,Buy Local,Cash,Dec 04 2025
1003,P100195,2263.74,,,pc,PIX,2026-05-11
1010,P100196,,,999,Phone,Pix,2025-08-14
1016,P100197,$2793.79,"R$1697,13",1096.6599999999999,Buy Local,Pix,2026-01-27
1037,P100198,3629.72,"2307,49",1322.23,Store,Cash,Jan 16 2025
1038,P100199,"852,69",396.99,455.70000000000005,Computer,Money,09/02/2026
1058,P100200,4745.14,2369.39,2375.7500000000005,Cellphone,Cash,11-02-2025
1017,P100201,$3482.56,,1436.8799999999999,Store,Money,14/03/2025
1041,P100202,1976.82,728.13,1248.69,Store,cash,2035-01-01
1090,P100203,4159.78,1420.54,2739.24,Pc,PIX,05/02/2025
1091,P100204,2256.35,1486.39,769.9599999999998,cellphone,cash,
1089,P100205,3198.14,1122.51,2075.63,Store,Credit Card,2024/10/23
1096,P100206,"547,6",196.68,350.92,Buy Local,Debit,2025/06/10
1059,P100207,"R$2512,32",$1273.7,1238.6200000000001,pc,credit card,25/06/2024
1044,P100208,999999,error,430.84000000000003,Cellphone,credit card,2026-01-04
1002,P100209,3392.15,"1352,15",999,BUY LOCAL,Cash,04/05/2026
1051,P100210,3293.39,1769.7,1523.6899999999998,cellphone,Cash,99/99/9999
1026,P100211,3984.12,2575.37,1408.75,Computer,Money,2025/01/13
1067,P100212,$1955.42,-1047.18,908.24,Pc,PIX,07-16-2025
1010,P100213,,$447.2,760.8899999999999,Buy Local,CREDIT,2026/02/04
1023,P100214,$4597.42,$3946.5,650.9200000000001,Pc,Pix,11-08-2024
1006,P100215,,1014.89,1418.46,cellphone,Money,2025/07/22
1062,P100216,"R$3983,49","1722,13",2261.3599999999997,Phone,Money,2026-06-01
1073,P100217,4119.95,"R$2142,86",1977.0899999999997,BUY LOCAL,Debit,2024-09-13
1094,P100218,unknown,-1351.71,150.87999999999988,Phone,credit card,30/04/2026
1026,P100219,1766.14,$1283.02,random,PC,Pix,10-21-2025
1068,P100220,1477.32,950.86,526.4599999999999,pc,CREDIT,2025/02/09
1007,P100221,"651,9",534.33,117.56999999999994,Store,Cash,04-07-2026
1080,P100222,2270.92,"R$1544,63",726.29,Desktop,Pix,2025/11/01
1041,P100223,4238.89,1508.56,2730.3300000000004,pc,cash,2025/07/22
1027,P100224,$1432.29,900.03,532.26,Store,Credit Card,2035-01-01
1002,P100225,2217.6,"666,18",1551.42,Pc,PIX,Nov 24 2024
1011,P100226,$1871.78,,295.22,Computer,Cash,2024-10-19
1000,P100167,"R$1146,43",811.66,334.7700000000001,cellphone,CREDIT,09/04/2025
1049,P100228,"533,94",,256.00000000000006,Pc,CREDIT,02-05-2026
1001,P100229,1768.91,756.8,1012.1100000000001,Phone,Debit,2024-10-26
1017,P100230,-1932.48,$1696.62,235.86000000000013,pc,Debit,08-15-2025
1092,P100231,3458.57,-2797.07,661.5,BUY LOCAL,Debit,Feb 17 2026
1082,P100232,$4774.26,2849.91,1924.3500000000004,BUY LOCAL,Credit Card,Jun 09 2026
1016,P100233,$2115.9,999999,787.51,pc,Credit Card,2025-08-08
1033,P100234,"4744,43",2556.23,2188.2000000000003,cellphone,Cash,06-06-2026
1068,P100235,"1563,34",948.61,614.7299999999999,cellphone,credit card,2024/06/23
1093,P100236,$1237.51,1057.79,random,pc,Credit Card,2025-10-01
1020,P100237,"2595,77",,536.02,Desktop,credit card,2025-03-01
1042,P100238,338.08,"R$245,92",92.16,Cellphone,Credit Card,07-07-2025
1021,P100239,532.47,"343,1",189.37,PC,Credit Card,2024/07/08
1046,P100240,4657.18,3793.23,863.9500000000003,cellphone,Debit,2024/09/17
1092,P100241,2866.25,"R$1065,21",1801.04,BUY LOCAL,Credit Card,2026-06-14
1059,P100242,unknown,,1015.86,Desktop,Debit,03-31-2025
1063,P100243,3667.67,$2303.06,1364.6100000000001,PC,Debit,2026-05-06
1042,,3293.37,$2665.67,627.6999999999998,Computer,Cash,2026-03-30
1018,P100245,4607.95,3863.18,744.77,pc,credit card,2026/03/11
1009,P100186,"4821,81",-2131.54,2690.2700000000004,Cellphone,Pix,16/02/2025
1009,P100247,$3855.33,unknown,2446.66,pc,cash,25/12/2024
1057,P100248,617.17,243.52,373.65,PC,Debit,Aug 06 2024
1018,P100249,1791.6,"1089,43",702.1699999999998,PC,Cash,12-27-2024
1095,P100250,$527.5,"R$409,49",118.00999999999999,Computer,CREDIT,2026/05/05
1047,P100251,438.52,"R$285,77",152.75,Computer,Money,2025-09-06
1042,P100252,error,232.57,39.610000000000014,cellphone,Cash,23/08/2024
1023,P100253,760.18,508.15,252.02999999999997,BUY LOCAL,Money,Aug 28 2024
1049,P100254,4425.57,2723.89,1701.6799999999998,cellphone,Pix,2026/01/12
1044,P100255,-1954.14,"797,07",1157.0700000000002,Desktop,Credit Card,2025/07/05
1067,P100256,"1179,16","466,68",712.48,PC,Debit,2026/03/18
1045,P100257,-885.09,391.15,493.94000000000005,Buy Local,Credit Card,Aug 15 2024
1072,P100258,957.4,854.77,102.63,Phone,Credit Card,03/02/2026
1077,P100259,"23,4",$19.91,3.4899999999999984,Cellphone,Credit Card,99/99/9999
1099,P100260,1837.15,631.1,1206.0500000000002,Cellphone,PIX,07/02/2026
1093,P100261,$4804.1,3312.47,1491.6300000000006,Buy Local,Pix,09-28-2024
1022,P100262,"R$1486,7",604.53,882.1700000000001,Buy Local,Credit Card,Sep 30 2024
1078,P100263,4684.71,"1800,74",2883.9700000000003,Pc,credit card,Nov 17 2025
1057,,-1064.23,761.89,302.34000000000003,PC,Cash,2025/06/27
1021,P100265,$1905.99,999999,709.76,Store,Debit,2025-08-24
1004,P100266,$4759.28,,3119.6099999999997,BUY LOCAL,credit card,10-29-2024
1061,P100267,error,"R$2175,95",1099.15,Computer,Cash,01-14-2025
1033,P100268,497.66,266.62,,pc,PIX,08-06-2025
1061,P100048,999999,$2834.35,363.84000000000015,Phone,Money,May 01 2026
1011,P100270,$1867.68,"R$987,75",879.9300000000001,Desktop,Debit,10-07-2025
1007,P100271,501.58,error,150.02999999999997,Computer,cash,2025/05/17
1066,P100272,4337.13,999999,424,BUY LOCAL,cash,12-04-2024
1018,P100273,880.94,784.58,-67,Store,Cash,14/06/2026
1076,P100274,,,3016.96,Desktop,cash,2025-08-15
1100,P100275,$3912.79,1437.99,2474.8,pc,credit card,2026-01-30
1100,P100276,,946.85,785.62,PC,CREDIT,10/01/2026
1079,P100277,-213.14,"177,7",35.44,Desktop,Pix,
1039,P100278,3486.99,$1251.59,2235.3999999999996,Phone,Pix,2024/11/26
1077,P100279,1072.72,852.15,220.57000000000005,PC,cash,2025-12-28
1039,P100280,3906.97,$2401.11,1505.8599999999997,Computer,Credit Card,2025/02/20
1006,P100281,1384.41,1099.37,random,Cellphone,Money,28/04/2025
1060,P100282,834.3,698.05,136.25,cellphone,Credit Card,11-26-2025
1099,P100283,"3243,95",error,299,Phone,CREDIT,11-09-2025
1001,P100284,4716.16,"3431,69",1284.4699999999998,Cellphone,Money,2025/04/09
1038,P100285,1997.82,721.99,1275.83,Cellphone,cash,05-29-2025
1036,P100286,337.91,301.76,36.150000000000034,Store,PIX,05-22-2026
1097,P100225,3309.44,2344.58,964.8600000000001,Desktop,Cash,2025-07-30
1074,P100288,"965,78",710.75,255.02999999999997,Store,Pix,08/06/2025
1084,P100289,"506,06",190.67,315.39,Pc,Pix,24/09/2024
1045,P100290,,1759.03,354.91999999999985,pc,Money,31/02/2025
1060,P100291,"4340,14","R$2295,94",2044.2000000000003,Pc,Debit,12-14-2024
1058,P100292,-918.18,319.97,598.2099999999999,PC,Credit Card,11/08/2024
1097,P100293,809.01,$623.85,185.15999999999997,cellphone,Cash,2025/03/12
1049,,2678.24,1977.6,700.6399999999999,BUY LOCAL,Debit,31/02/2025
1080,P100295,$4387.39,2137.78,2249.61,pc,Credit Card,Sep 22 2025
1058,P100296,1702.42,-1417.75,284.6700000000001,Cellphone,Debit,2025/08/27
1002,P100297,673.4,$498.62,174.77999999999997,Store,Credit Card,Dec 18 2024
1098,P100025,"R$3316,61",2295.56,1021.0500000000002,cellphone,credit card,2025/09/23
1089,P100299,3158.95,1518.41,1640.5399999999997,Buy Local,CREDIT,2024-12-11
1065,P100300,$587.78,$213.81,373.96999999999997,BUY LOCAL,Debit,2024/06/28
1037,P100301,4553.58,"3246,35",-409,Buy Local,Money,2024-08-17
1099,P100302,"524,43",237.85,286.5799999999999,Phone,Credit Card,24/12/2025
1005,P100303,$3390.3,1883.64,1506.66,PC,CREDIT,26/10/2025
1042,P100304,"R$3116,6",2577.69,,Phone,PIX,2024/08/07
1053,P100305,"R$583,02",418.43,,Buy Local,Money,2024/12/17
1099,P100074,2425.74,unknown,999,PC,cash,08-14-2024
1092,P100307,3355.82,1687.91,random,Phone,Pix,2026/05/27
1019,P100308,4939.2,$1643.47,3295.7299999999996,Phone,CREDIT,2024/07/17
1041,P100309,270.75,error,153.35,Phone,Money,2026/04/21
1011,P100310,611.16,$365.73,245.42999999999995,BUY LOCAL,cash,31/02/2025
1077,P100311,4452.75,unknown,1614.5700000000002,PC,Debit,Aug 17 2024
1071,P100312,unknown,"R$1859,0",1729.96,PC,Pix,Jul 27 2025
1070,P100313,$247.97,98.81,149.16,pc,PIX,24/12/2024
1015,P100314,2296.09,$1765.35,530.7400000000002,Store,credit card,2025/01/25
1058,P100315,690.49,"R$413,81",276.68,Buy Local,Money,24/11/2025
1088,P100316,659.34,351.06,308.28000000000003,cellphone,Cash,05/07/2025
1035,P100317,$1484.98,1162.56,322.4200000000001,BUY LOCAL,PIX,12-06-2024
1040,P100318,3170.26,"1333,2",1837.0600000000002,Store,CREDIT,15/08/2025
1064,P100319,3557.56,2691.17,866.3899999999999,cellphone,cash,2024/10/03
1001,P100084,"284,26",94.93,189.32999999999998,Store,PIX,2026-01-05
1088,P100321,unknown,1398.81,1316.23,BUY LOCAL,Debit,06-19-2026
1049,P100322,3998.13,1889.45,2108.6800000000003,Store,Pix,2026-05-09
1001,P100323,unknown,"3548,21",798.6599999999999,Store,Pix,09-09-2025
1094,P100324,$4822.16,2297.79,-323,cellphone,Credit Card,09-13-2025
1033,P100325,1289.98,$642.85,-170,Store,PIX,06-25-2025
1070,P100326,$1602.94,"R$692,43",910.5100000000001,cellphone,cash,2024-12-28
1044,P100327,"1672,78",863.96,808.8199999999999,BUY LOCAL,Credit Card,Feb 22 2026
1057,P100328,"R$4594,66",2050.58,2544.08,pc,Cash,Jun 25 2025
1003,P100329,unknown,"R$1475,28",412.01,Computer,Pix,2026-03-12
1021,P100330,"2675,36",1808.97,866.3900000000001,Store,Cash,05/05/2025
1068,P100331,3712.05,"R$2082,99",1629.0600000000004,PC,Money,2024-11-17
1011,P100332,1274.5,436.22,838.28,Phone,Cash,2024-09-04
1049,P100333,3214.29,2156.82,1057.4699999999998,pc,Pix,2024-09-06
1037,P100334,error,,108.57,Phone,CREDIT,16/11/2025
1095,P100335,$2737.71,2398.45,339.2600000000002,Store,Pix,2025-05-23
1070,P100336,,146.77,999,Computer,Cash,03-25-2025
1018,P100337,$4177.05,1740.14,2436.91,BUY LOCAL,Money,2025-05-18
1037,P100338,1003.14,-650.39,352.75,Computer,credit card,2025-05-08
1024,P100339,3089.39,1493.43,1595.9599999999998,Cellphone,Cash,Jun 20 2025
1031,P100340,-3211.38,1496.53,1714.8500000000001,Phone,Money,Apr 24 2026
1062,P100341,3041.01,$2448.24,592.7700000000004,Desktop,credit card,2026-01-10
1064,P100342,"2902,93","R$2210,64",692.29,BUY LOCAL,Money,04/08/2024
1046,P100343,$2956.21,2407.24,-128,Store,Debit,11-28-2025
1087,P100344,2242.18,913.66,1328.52,Phone,Pix,2035-01-01
1029,P100345,233.19,,134.3,Phone,Credit Card,
1013,P100346,"4151,64",3325.15,,Cellphone,credit card,2024/09/07
1028,P100347,4341.24,2570.52,1770.7199999999998,Pc,Money,2024-08-09
1065,P100348,950.79,$491.88,458.90999999999997,Cellphone,credit card,2025/05/01
1061,P100349,"R$4170,16",1307.21,144,Buy Local,CREDIT,
1023,P100350,4846.83,3308.32,1538.5099999999998,pc,Debit,2025/03/13
1061,P100351,3012.18,$2339.77,672.4099999999999,Desktop,CREDIT,Mar 06 2026
1058,P100212,"1939,6",708.23,1231.37,cellphone,CREDIT,23/04/2026
1060,P100353,4391.21,"R$2717,54",1673.67,Buy Local,cash,2024/09/15
1066,P100354,3494.26,1947.61,1546.6500000000003,Cellphone,credit card,Jan 02 2025
1061,P100355,437.41,"288,24",261,Buy Local,cash,2024-11-18
1048,P100356,$1593.19,824.26,768.9300000000001,BUY LOCAL,Cash,11-17-2024
1035,P100357,1034.39,$652.97,381.4200000000001,Phone,PIX,08-13-2025
1044,P100358,$707.58,"579,01",128.57000000000005,Pc,credit card,2025/06/06
1100,P100359,$3491.35,2528.0,random,Phone,Cash,Oct 09 2024
1028,P100360,error,3114.3,513.6799999999998,Buy Local,Credit Card,16/05/2025
1081,P100290,1444.31,462.42,981.8899999999999,Pc,Credit Card,2024-11-12
1020,P100362,error,"1410,04",220,pc,cash,01-25-2025
1074,P100363,$1397.01,927.36,469.65,Desktop,CREDIT,2025-06-17
1071,P100364,4736.14,3702.55,1033.5900000000001,Buy Local,PIX,2025/01/03
1072,P100365,1711.51,1309.92,401.5899999999999,Phone,credit card,2026/05/03
1081,P100366,error,-2739.59,772.27,Desktop,Debit,2026/06/10
1086,P100367,-2781.67,"1132,39",1649.28,Pc,Debit,20/08/2024
1030,P100368,"1049,76",442.64,-391,pc,Money,06-02-2025
1005,P100369,1590.78,1334.46,256.31999999999994,Pc,cash,12/03/2026
1096,P100236,2402.03,,902.0600000000002,Pc,Money,04-23-2026
1058,P100119,,688.29,random,Desktop,Money,Apr 18 2026
1046,P100372,,error,523.99,Buy Local,CREDIT,24/08/2025
1012,P100373,$2785.59,2266.87,518.7200000000003,Phone,Credit Card,2024/09/07
1017,P100374,2594.69,-1900.19,694.5,Buy Local,Credit Card,01/08/2024
1007,P100375,4198.08,"1501,99",2696.09,BUY LOCAL,PIX,2025/11/11
1015,P100376,3035.77,1961.45,1074.32,Desktop,Pix,08-16-2025
1062,P100377,999999,274.28,136.19000000000005,Store,Pix,04-03-2026
1073,P100378,-413.98,209.55,204.43,Buy Local,Cash,2024/07/04
1099,P100379,error,$2587.7,random,Store,PIX,2024-09-03
1026,P100380,337.69,"R$279,34",58.35000000000002,pc,credit card,12/06/2026
1010,P100381,"1560,67",699.86,random,PC,Credit Card,Jan 29 2026
1060,P100382,$4675.59,2941.54,1734.0500000000002,Buy Local,Money,04-13-2026
1055,P100383,1562.11,794.02,768.0899999999999,Cellphone,Cash,Dec 23 2024
1001,,-4080.59,999999,,Phone,PIX,2035-01-01
1037,P100385,2750.1,error,1613.9199999999998,Store,Cash,04/05/2025
1033,P100386,2592.72,2022.26,570.4599999999998,Store,cash,2025/07/05
1024,P100387,1462.18,"997,41",464.7700000000001,Computer,Pix,31/02/2025
1068,,$4862.22,error,random,PC,Money,2024/12/06
1039,P100389,"R$1869,56","R$1342,64",526.9199999999998,Pc,Credit Card,2026/04/25
1009,P100390,,"R$2016,47",2464.1099999999997,Computer,Cash,2025/04/30
1031,P100257,3681.91,"1312,15",2369.7599999999998,Desktop,Pix,2026-05-24
1095,P100392,$1281.5,875.41,406.09000000000003,Computer,credit card,2024/08/07
1041,,,"2587,69",1388.37,Buy Local,Money,28/10/2024
1047,P100394,-2509.6,1785.75,723.8499999999999,PC,Credit Card,13/04/2025
1089,P100395,2449.46,1200.34,1249.1200000000001,Phone,Debit,2035-01-01
1045,P100396,216.65,156.85,59.80000000000001,Buy Local,CREDIT,Apr 22 2025
1093,P100397,$3001.43,2450.18,551.25,Desktop,cash,2025-01-14
1099,P100398,943.96,293.79,650.1700000000001,pc,cash,12/06/2026
1067,P100399,error,-370.06,174,PC,CREDIT,2026-02-22
1025,P100400,,122.25,56.19999999999999,Buy Local,PIX,99/99/9999
1077,P100117,3285.63,999999,469.71000000000004,Cellphone,cash,2025/06/11
1047,P100344,"R$1343,76",-435.9,907.86,BUY LOCAL,credit card,30/01/2025
1068,P100403,3291.25,2113.04,1178.21,pc,Pix,2025/05/17
1013,P100404,$2019.75,1014.94,1004.81,Cellphone,Pix,Dec 16 2025
1047,P100405,"4134,25",2042.61,2091.6400000000003,BUY LOCAL,PIX,2026/01/11
1057,P100018,4915.12,3231.48,1683.6399999999999,Desktop,Debit,Feb 21 2026
1002,P100407,4115.24,3503.99,611.25,pc,Credit Card,28/08/2025
1017,P100408,-1264.29,573.67,690.62,Computer,credit card,2025/11/19
1022,P100409,"R$3520,18",2786.96,,pc,Credit Card,Jan 02 2026
1044,P100410,4652.63,1732.29,2920.34,PC,Cash,31/02/2025
1040,P100411,"R$2521,96",1090.69,1431.27,Phone,cash,2024/10/21
1037,P100412,1694.12,991.93,702.1899999999999,cellphone,cash,17/11/2024
1097,P100413,$2449.55,1693.49,756.0600000000002,Computer,Debit,2025/02/08
1041,P100414,,$318.15,262.25,Store,Credit Card,09/12/2024
1044,P100415,"R$2222,21",861.09,random,pc,credit card,07/08/2024
1079,P100416,4104.27,$1265.1,2839.1700000000005,PC,Pix,09-15-2025
1027,P100417,1308.12,$771.55,536.5699999999999,PC,Cash,01-15-2026
1005,P100113,"R$3950,16",2649.68,999,Store,Pix,2025-08-18
1037,P100419,1171.22,"R$618,9",552.32,Buy Local,cash,09/08/2024
1064,P100420,3568.1,-1155.53,2412.5699999999997,Pc,Credit Card,Jan 24 2026
1045,P100421,4891.66,2938.67,1952.9899999999998,PC,cash,21/02/2025
1019,P100422,703.56,519.18,184.38,Store,Debit,08-06-2024
1019,P100423,$3034.74,1728.29,1306.4499999999998,Store,Debit,Jul 31 2024
1088,P100424,693.56,$622.41,71.14999999999998,Pc,Pix,09-19-2025
1092,P100425,4400.6,3239.93,1160.6700000000005,cellphone,PIX,Jun 28 2025
1019,P100426,940.04,"712,05",227.99,Computer,Debit,2025-07-18
1045,P100427,999999,555.48,,Phone,CREDIT,07/06/2026
1004,P100428,"4628,67",4027.49,601.1800000000003,Computer,credit card,2026/04/16
1078,P100429,error,"R$1029,92",1268.65,cellphone,Pix,08-09-2025
1076,P100430,$3526.48,unknown,2387.05,Computer,cash,2024-10-23
1071,P100431,error,1992.44,2821.27,Desktop,Money,Aug 06 2024
1078,P100432,4520.3,"R$2613,4",1906.9,Pc,cash,2025/07/22
1041,P100433,"2959,77",unknown,806.3000000000002,Store,CREDIT,2024-08-24
1011,P100434,,1122.59,704.8700000000001,Pc,Cash,2026-04-15
1098,P100435,$4359.1,$3564.02,795.0800000000004,PC,Cash,2024/11/14
1036,P100436,675.22,"284,75",390.47,Phone,cash,08-15-2024
1063,P100437,"R$2389,05",1304.64,1084.41,BUY LOCAL,PIX,09-28-2025
1026,P100438,3273.32,1054.12,2219.2000000000003,Desktop,Pix,2024-08-14
1013,P100439,3367.01,2244.63,1122.38,Pc,Money,Nov 29 2025
1004,P100440,"R$1855,48",error,876.97,Desktop,Money,Apr 23 2026
1042,P100441,$3485.23,2325.46,1159.77,pc,Money,12-22-2024
1100,P100442,3052.05,1495.18,1556.8700000000001,Pc,Money,2025/05/02
1063,P100443,$1178.95,$559.17,619.7800000000001,pc,Debit,2024/09/24
1052,P100444,4034.1,1724.19,2309.91,pc,PIX,05-15-2026
1041,P100445,1679.75,903.08,776.67,Computer,Pix,2025/09/08
1060,P100446,2417.85,1635.24,782.6099999999999,cellphone,Credit Card,Dec 31 2024
1072,P100447,2688.71,1142.59,1546.1200000000001,Cellphone,credit card,Sep 15 2025
1003,P100448,2680.68,$1071.15,999,Cellphone,Credit Card,2025-09-27
1063,P100449,4150.7,$1998.88,2151.8199999999997,PC,Debit,2024/07/23
1064,,$2423.66,1454.27,969.3899999999999,BUY LOCAL,PIX,17/10/2025
1098,P100451,$4691.36,3312.24,1379.12,BUY LOCAL,credit card,31/02/2025
1087,P100452,$1679.78,1400.12,279.6600000000001,PC,PIX,14/05/2025
1041,P100453,2670.73,"2039,56",-383,Buy Local,cash,15/11/2025
1069,P100454,"724,95","523,86",999,BUY LOCAL,Money,31/02/2025
1060,P100215,$287.92,160.05,127.87,Phone,Pix,05/09/2025
1091,P100456,411.16,351.0,,pc,Money,2025/08/03
1060,P100457,4308.26,,1421.0100000000002,Store,Pix,Feb 23 2025
1058,P100065,$1770.18,1020.94,749.24,Pc,cash,2026-06-19
1041,P100170,error,1444.77,1228.3000000000002,Phone,Cash,11/01/2025
1088,P100460,2188.06,"1690,05",498.01,pc,Money,11-28-2024
1059,P100461,error,1084.63,1152.5499999999997,Buy Local,Cash,2025-11-25
1011,P100462,2912.22,2192.88,719.3399999999997,Phone,cash,12-31-2025
1073,P100463,4389.58,2106.3,2283.2799999999997,cellphone,Pix,02-22-2025
1001,P100464,"R$4241,23",3441.77,799.4599999999996,PC,cash,Dec 25 2024
1014,P100465,,-859.47,332.03,cellphone,Cash,15/01/2025
1060,P100466,error,"2178,13",2041.6400000000003,Pc,CREDIT,31/02/2025
1018,P100467,"R$2194,94",1962.56,232.3800000000001,Phone,Cash,2024/10/02
1065,P100468,error,"R$842,97",1092.91,Computer,cash,11-26-2025
1073,P100469,$2849.38,2059.9,789.48,Pc,cash,Nov 06 2025
1059,P100470,3058.15,1367.42,1690.73,Store,cash,Feb 11 2025
1078,P100471,3897.07,999999,1631.6200000000003,cellphone,Pix,Jun 13 2025
1037,P100472,2996.23,"1445,51",1550.72,Buy Local,CREDIT,Feb 23 2025
1094,P100473,430.9,"259,99",999,Desktop,Credit Card,06-14-2026
1022,P100474,$3302.6,1723.5,1579.1,Pc,cash,Jan 27 2026
1010,P100475,4112.18,error,811.8700000000003,Store,Money,19/06/2026
1026,P100476,290.54,"R$133,25",157.29000000000002,Phone,PIX,08-18-2024
1029,P100477,2383.46,"R$922,61",1460.85,Phone,Cash,06-30-2024
1087,P100478,2665.84,1365.7,1300.14,Desktop,Pix,2025-06-13
1032,P100479,3870.29,2900.61,random,Cellphone,cash,31/02/2025
1008,,unknown,"183,54",323.0,Computer,Credit Card,31/02/2025
1007,P100481,4180.59,3638.34,random,cellphone,CREDIT,08/09/2024
1032,P100482,397.06,227.14,169.92000000000002,Store,Pix,2024-08-18
1035,P100483,1676.62,"563,4",1113.2199999999998,Phone,Debit,14/08/2025
1082,P100484,3848.16,1658.68,2189.4799999999996,pc,Credit Card,12-05-2024
1093,P100485,4484.63,1745.92,2738.71,Desktop,CREDIT,2025/07/20
1073,,999999,error,841.3400000000001,pc,cash,2025/01/14
1088,P100487,-2844.87,2449.51,395.3599999999997,Store,credit card,Oct 03 2024
1010,P100488,1463.99,617.62,846.37,Desktop,Cash,Jun 17 2026
1062,P100489,$3681.91,1413.73,2268.18,Phone,Cash,03-21-2025
1082,P100490,4174.57,"R$2377,77",306,cellphone,credit card,05-08-2026
1058,P100491,"2692,08","R$2004,61",687.47,Phone,Credit Card,08-15-2024
1005,P100492,91.54,62.21,random,Buy Local,credit card,2026-05-06
1014,P100493,error,875.38,243.07000000000005,Store,Cash,12-29-2024
1069,P100494,3969.65,-3011.13,,Pc,Pix,2025/04/06
1031,P100056,,$2689.71,1269.73,pc,Credit Card,31/02/2025
1090,P100496,2092.79,1641.68,451.1099999999999,Store,PIX,2024/10/23
1030,P100497,207.35,84.6,122.75,Desktop,Pix,05-29-2025
1030,P100498,4884.42,3279.17,1605.25,Phone,Debit,01/04/2026
1014,P100499,$4843.5,2831.74,999,Desktop,Debit,Aug 18 2025
1078,P100500,235.72,$175.43,60.28999999999999,Phone,cash,21/12/2025
1092,P100501,2106.95,"1576,53",-267,Computer,Cash,2025/02/12
1028,P100502,"290,61",163.18,random,Phone,Debit,Oct 11 2025
1025,P100319,317.07,unknown,random,Desktop,CREDIT,03-11-2026
1021,P100504,1163.92,636.68,527.2400000000001,Phone,Money,2025/11/12
1094,P100505,2182.56,946.02,1236.54,PC,Cash,2025-08-07
1060,P100506,2139.97,1148.29,random,pc,cash,2024/06/29
1027,P100507,999999,-1150.24,2095.01,Buy Local,Credit Card,2025/11/23
1098,P100508,941.03,774.4,142,cellphone,Pix,Mar 19 2026
1054,P100509,"3070,26",1980.74,1089.5200000000002,Cellphone,Credit Card,Aug 27 2025
1006,P100510,$3103.28,1611.67,random,Pc,Pix,2025-02-10
1083,P100511,"2908,99",2546.71,362.27999999999975,Cellphone,PIX,2026/06/16
1035,P100512,2273.01,999999,907.2300000000002,BUY LOCAL,PIX,Nov 20 2025
1086,P100513,4705.56,unknown,random,Desktop,credit card,Sep 11 2024
1014,P100514,4377.47,"2680,82",1696.65,BUY LOCAL,CREDIT,2026/06/22
1056,P100107,"333,49",274.49,59.0,cellphone,Pix,May 06 2026
1062,P100516,-4212.7,$2389.25,1823.4499999999998,Pc,PIX,Oct 05 2024
1036,P100199,1436.22,$1254.87,181.35000000000014,Pc,CREDIT,14/01/2025
1020,P100179,,"1626,5",1254.6399999999999,Store,Pix,20/09/2024
1047,P100519,"R$2677,54",998.44,1679.1,Phone,Pix,05-15-2026
1064,P100520,2380.08,1127.91,1252.1699999999998,Pc,Money,2024-09-14
1093,P100380,error,1340.02,1423.7600000000002,pc,Pix,99/99/9999
1074,P100522,"R$3840,13",1602.98,2237.15,pc,cash,2025/08/26
1040,P100523,,209.4,89.72,cellphone,Pix,
1044,P100524,2813.94,1208.35,1605.5900000000001,Phone,PIX,2025/01/20
1093,P100525,"2944,16",999999,1908.86,Cellphone,credit card,01-27-2025
1096,P100357,4573.76,2509.66,2064.1000000000004,Pc,Debit,2025/10/05
1037,P100468,1523.92,992.26,531.6600000000001,PC,CREDIT,2024/12/03
1015,P100528,2097.44,"1248,25",,pc,Pix,01-01-2026
1055,P100529,$2390.68,1713.03,677.6499999999999,Desktop,CREDIT,16/03/2025
1040,P100530,,597.05,1202.73,PC,PIX,2024-11-28
1065,P100531,$3828.15,-2523.74,1304.4100000000003,Store,PIX,Dec 08 2025
1012,P100532,"735,71",281.17,454.54,Pc,credit card,10-28-2025
1028,P100533,2802.1,2000.12,801.98,pc,Cash,2026-04-16
1014,P100534,,1172.56,1235.44,Buy Local,cash,Jan 14 2025
1022,P100462,610.61,230.34,380.27,Computer,CREDIT,2025/07/20
1088,P100536,error,$67.12,175,Phone,credit card,2025-07-07
1008,P100054,"3916,21",3336.84,-141,pc,CREDIT,Jan 04 2025
1074,P100538,"2513,16",1852.53,92,BUY LOCAL,Debit,May 27 2026
1021,P100539,"4868,43",1748.8,3119.63,Cellphone,CREDIT,2026-05-29
1023,P100540,error,1297.42,834.56,Phone,credit card,2026/04/11
1097,P100541,3616.24,,2352.91,Desktop,Money,2024/08/01
1037,P100542,4286.73,3587.36,699.3699999999994,PC,Money,2024/09/02
1056,P100543,613.7,329.49,284.21000000000004,Pc,credit card,28/10/2025
1043,P100544,error,894.11,1139.25,Buy Local,PIX,2025/05/18
1045,P100545,"2034,13",1201.6,,Phone,Debit,29/03/2026
1003,P100037,$2500.71,790.35,1710.3600000000001,Desktop,credit card,01-23-2025
1098,P100547,1481.94,887.3,594.6400000000001,BUY LOCAL,cash,31/02/2025
1055,P100548,unknown,"R$1835,78",999,Pc,Money,Jun 25 2024
1091,P100549,2852.9,1695.57,1157.3300000000002,BUY LOCAL,CREDIT,2025/03/09
1033,P100550,3092.36,-1582.23,random,Cellphone,Pix,02-11-2026
1003,P100551,1915.26,error,random,Computer,PIX,2024-10-02
1039,P100552,2701.32,error,1830.3400000000001,cellphone,PIX,2035-01-01
1075,,-1596.24,"R$1025,12",571.1200000000001,Store,Debit,01-12-2025
1097,P100554,"1511,61",1332.72,178.88999999999987,pc,cash,Oct 26 2024
1006,P100555,4026.92,2717.14,1309.7800000000002,Buy Local,Pix,01-19-2026
1067,P100556,-3982.35,2751.49,1230.8600000000001,BUY LOCAL,Pix,2025/06/01
1032,P100557,"R$3821,94",1560.73,2261.21,Buy Local,Money,2025/08/25
1034,P100558,error,2345.2,734.6200000000003,BUY LOCAL,Debit,23/12/2025
1030,P100559,-1515.37,850.48,,Desktop,PIX,May 21 2025
1087,P100560,"585,52",243.08,342.43999999999994,BUY LOCAL,Cash,2025-09-01
1025,P100561,1306.82,$1022.09,284.7299999999999,Phone,Credit Card,31/02/2025
1040,P100562,,2451.56,random,Computer,credit card,09-17-2024
1015,P100563,"4749,38",4079.4,669.98,pc,Pix,08-20-2024
1094,P100564,$1194.97,$661.68,533.2900000000001,Phone,Cash,05-09-2026
1007,P100565,error,2324.34,2420.24,Pc,Pix,Dec 11 2025
1039,,4834.69,3207.76,1626.9299999999994,Store,Debit,2026/05/26
1039,P100567,4517.72,"3212,77",1304.9500000000003,PC,Cash,Oct 16 2024
1038,P100568,1192.59,508.32,684.27,Store,Cash,Aug 20 2025
1010,P100569,2366.03,1296.06,1069.9700000000003,pc,CREDIT,07-20-2024
1008,P100570,unknown,"R$3023,32",random,Store,Money,02/04/2026
1000,P100571,$1582.33,552.77,1029.56,Store,CREDIT,2025/04/05
1040,P100572,684.88,-276.75,408.13,pc,Cash,2025/09/18
1048,P100573,1137.95,988.73,149.22000000000003,pc,Money,26/08/2025
1006,P100574,,464.98,,Phone,Money,16/10/2024
1024,P100575,,error,339.2900000000001,Computer,PIX,22/05/2025
1053,P100576,"163,29",unknown,18.669999999999987,Buy Local,Money,2024/09/29
1017,P100577,,error,1145.2399999999998,pc,credit card,2024-07-25
1042,P100578,1784.42,1184.54,599.8800000000001,PC,Credit Card,02-17-2025
1048,P100579,1867.09,1644.6,222.49,BUY LOCAL,Money,2025/04/02
1016,P100580,-2175.99,992.78,1183.2099999999998,Desktop,Pix,May 22 2026
1033,P100581,1333.51,-650.49,683.02,Pc,cash,2026/06/17
1006,P100206,198.59,error,108.01,Phone,Credit Card,03-03-2026
1062,P100583,-3604.42,"1401,51",2202.91,Pc,cash,04-22-2026
1084,P100584,4858.7,error,,Store,credit card,2024-07-23
1036,P100585,1982.97,1297.27,,Store,Money,May 22 2026
1076,P100586,unknown,160.52,77.84,Buy Local,CREDIT,2025-03-27
1082,P100587,3724.12,"R$2339,84",1384.2799999999997,Computer,Cash,03/12/2024
1020,P100588,$3242.9,"2829,95",412.9500000000003,Desktop,CREDIT,2025-12-04
1047,P100589,4429.36,error,1834.3599999999997,Cellphone,CREDIT,2025/01/02
1011,P100590,2328.35,$1011.76,1316.59,Store,cash,2025/11/23
1055,P100591,1515.96,-1349.98,165.98000000000002,cellphone,PIX,09-10-2024
1009,P100592,999999,1404.06,1158.98,Cellphone,PIX,03-24-2025
1002,P100593,,"R$374,19",539.98,Desktop,Pix,2026/02/18
1096,P100594,1340.07,$1179.3,999,Store,credit card,2025-08-31
1000,P100545,2311.61,1255.33,1056.2800000000002,Desktop,Pix,2026/05/10
1038,P100596,970.19,$766.04,random,Store,Debit,05-03-2026
1024,P100597,$757.86,419.19,338.67,Phone,Money,2025/05/04
1074,P100598,-4150.66,$2220.77,1929.8899999999999,cellphone,Cash,10-18-2025
1076,P100599,204.35,110.31,94.03999999999999,Phone,Debit,01-26-2026
